Workbook

Sheet Q3
N2: X | O2: 60983 | P2: This is the only cell where part of the ID number should be input.
N3: Y | O3: =(RIGHT(O2,1)+1)/1000 -> 0.004
N4: Z | O4: =RIGHT(O2,2) -> 83
N5: K | O5: =ROUND(Q5+O4/7,0) -> 72 | Q5: 60
B6: x | C6: qx | D6: lx | E6: dx | F6: mx | G6: ex | H6: Answer (a) | I6: Answer (b) (i) | J6: (b) (ii) | K6: (d) (i) | L6: lx+.5 | M6: lx+1.25 | N6: µ-CF 3years
B7: 60 | C7: 0.008016 | D7: 90975 | E7: 729 | F7: 0.007675 | G7: 22.35 | H7: =D17/D7 -> 0.88266007 | I7: =(L7-M7)/L7 -> 0.0062078898 | J7: =1-((1-C7)^0.5*(1-C8)^0.25) -> 0.0062077297 | K7: =EXP(-0.5*N7) -> 0.99561025 | L7: =(D7+D8)/2 -> 90610.5 | M7: =0.75*D8+0.25*D9 -> 90048 | N7: =-LN(D10/D7)/3 -> 0.008798818
B8: 61 | C8: 0.008773 | D8: 90246 | E8: 792 | F8: 0.00843 | G8: 21.52 | H8: =D18/D8 -> 0.87138488 | I8: =(L8-M8)/L8 -> 0.006769616 | J8: =1-((1-C8)^0.5*(1-C9)^0.25) -> 0.0067671875 | K8: =EXP(-0.5*N8) -> 0.99523423 | L8: =(D8+D9)/2 -> 89850 | M8: =0.75*D9+0.25*D10 -> 89241.75 | N8: =-LN(D11/D8)/3 -> 0.0095543289
B9: 62 | C9: 0.009492 | D9: 89454 | E9: 849 | F9: 0.009174 | G9: 20.71 | H9: =D19/D9 -> 0.85900016 | I9: =(L9-M9)/L9 -> 0.0073206072 | J9: =1-((1-C9)^0.5*(1-C10)^0.25) -> 0.0073197439 | K9: =EXP(-0.5*N9) -> 0.99482473 | L9: =(D9+D10)/2 -> 89029.5 | M9: =0.75*D10+0.25*D11 -> 88377.75 | N9: =-LN(D12/D9)/3 -> 0.010377415
B10: 63 | C10: 0.010259 | D10: 88605 | E10: 909 | F10: 0.009904 | G10: 19.9 | H10: =D20/D10 -> 0.84548276 | I10: =(L10-M10)/L10 -> 0.0079466367 | J10: =1-((1-C10)^0.5*(1-C11)^0.25) -> 0.0079468731 | K10: =EXP(-0.5*N10) -> 0.99433568 | L10: =(D10+D11)/2 -> 88150.5 | M10: =0.75*D11+0.25*D12 -> 87450 | N10: =-LN(D13/D10)/3 -> 0.011360845
B11: 64 | C11: 0.011227 | D11: 87696 | E11: 984 | F11: 0.010766 | G11: 19.1 | H11: =D21/D11 -> 0.83076765 | I11: =(L11-M11)/L11 -> 0.0087266639 | J11: =1-((1-C11)^0.5*(1-C12)^0.25) -> 0.0087273359 | K11: =EXP(-0.5*N11) -> 0.99376302 | L11: =(D11+D12)/2 -> 87204 | M11: =0.75*D12+0.25*D13 -> 86443 | N11: =-LN(D14/D11)/3 -> 0.012513014
B12: 65 | C12: 0.012404 | D12: 86712 | E12: 1076 | F12: 0.011861 | G12: 18.32 | H12: =D22/D12 -> 0.81483532 | I12: =(L12-M12)/L12 -> 0.0096403788 | J12: =1-((1-C12)^0.5*(1-C13)^0.25) -> 0.0096348902 | K12: =EXP(-0.5*N12) -> 0.99312889 | L12: =(D12+D13)/2 -> 86174 | M12: =0.75*D13+0.25*D14 -> 85343.25 | N12: =-LN(D15/D12)/3 -> 0.013789658
B13: 66 | C13: 0.013669 | D13: 85636 | E13: 1171 | F13: 0.013109 | G13: 17.54 | H13: =D23/D13 -> 0.7975501 | I13: =(L13-M13)/L13 -> 0.010608403 | J13: =1-((1-C13)^0.5*(1-C14)^0.25) -> 0.010605442 | K13: =EXP(-0.5*N13) -> 0.99242538 | L13: =(D13+D14)/2 -> 85050.5 | M13: =0.75*D14+0.25*D15 -> 84148.25 | N13: =-LN(D16/D13)/3 -> 0.015206903
B14: 67 | C14: 0.015008 | D14: 84465 | E14: 1267 | F14: 0.014416 | G14: 16.78 | H14: =D24/D14 -> 0.77864204 | I14: =(L14-M14)/L14 -> 0.011675206 | J14: =1-((1-C14)^0.5*(1-C15)^0.25) -> 0.011675743 | K14: =EXP(-0.5*N14) -> 0.99160748 | L14: =(D14+D15)/2 -> 83831.5 | M14: =0.75*D15+0.25*D16 -> 82852.75 | N14: =-LN(D17/D14)/3 -> 0.016855875
B15: 68 | C15: 0.016595 | D15: 83198 | E15: 1381 | F15: 0.015877 | G15: 16.02 | H15: =D25/D15 -> 0.75793889 | I15: =(L15-M15)/L15 -> 0.012965488 | J15: =1-((1-C15)^0.5*(1-C16)^0.25) -> 0.012960397 | K15: =EXP(-0.5*N15) -> 0.99065138 | L15: =(D15+D16)/2 -> 82507.5 | M15: =0.75*D16+0.25*D17 -> 81437.75 | N15: =-LN(D18/D15)/3 -> 0.018785183
B16: 69 | C16: 0.018538 | D16: 81817 | E16: 1517 | F16: 0.017674 | G16: 15.29 | H16: =D26/D16 -> 0.73543396 | I16: =(L16-M16)/L16 -> 0.014480283 | J16: =1-((1-C16)^0.5*(1-C17)^0.25) -> 0.014477189 | K16: =EXP(-0.5*N16) -> 0.98959671 | L16: =(D16+D17)/2 -> 81058.5 | M16: =0.75*D17+0.25*D18 -> 79884.75 | N16: =-LN(D19/D16)/3 -> 0.020915565
B17: 70 | C17: 0.020691 | D17: 80300 | E17: 1661 | F17: 0.019789 | G17: 14.56 | H17: =D27/D17 -> 0.71103362 | I17: =(L17-M17)/L17 -> 0.016106808 | J17: =1-((1-C17)^0.5*(1-C18)^0.25) -> 0.016104281 | K17: =EXP(-0.5*N17) -> 0.98849522 | L17: =(D17+D18)/2 -> 79469.5 | M17: =0.75*D18+0.25*D19 -> 78189.5 | N17: =-LN(D20/D17)/3 -> 0.023142944
B18: 71 | C18: 0.02286 | D18: 78639 | E18: 1798 | F18: 0.02201 | G18: 13.86 | H18: =D28/D18 -> 0.68438052 | I18: =(L18-M18)/L18 -> 0.017761127 | J18: =1-((1-C18)^0.5*(1-C19)^0.25) -> 0.017753411 | K18: =EXP(-0.5*N18) -> 0.98734795 | L18: =(D18+D19)/2 -> 77740 | M18: =0.75*D19+0.25*D20 -> 76359.25 | N18: =-LN(D21/D18)/3 -> 0.025465532
... B21: 74 | C21: 0.030193 | D21: 72855 | E21: 2199 | F21: 0.029194 | G21: 11.84 | H21: =D31/D21 -> 0.58917027 | I21: =(L21-M21)/L21 -> 0.023534781 | J21: =1-((1-C21)^0.5*(1-C22)^0.25) -> 0.023530634 | K21: =EXP(-0.5*N21) -> 0.98308834 | L21: =(D21+D22)/2 -> 71755.5 | M21: =0.75*D22+0.25*D23 -> 70066.75 | N21: =-LN(D24/D21)/3 -> 0.034112589
B22: 75 | C22: 0.033362 | D22: 70656 | E22: 2357 | F22: 0.03221 | G22: 11.19
B23: 76 | C23: 0.037052 | D23: 68299 | E23: 2531 | F23: 0.035757 | G23: 10.56
B24: 77 | C24: 0.041194 | D24: 65768 | E24: 2709 | F24: 0.03983 | G24: 9.95
B25: 78 | C25: 0.045786 | D25: 63059 | E25: 2888 | F25: 0.044363 | G25: 9.35
B26: 79 | C26: 0.051112 | D26: 60171 | E26: 3075 | F26: 0.049514 | G26: 8.78
B27: 80 | C27: 0.057401 | D27: 57096 | E27: 3277 | F27: 0.055621 | G27: 8.22
B28: 81 | C28: 0.06455 | D28: 53819 | E28: 3474 | F28: 0.062774 | G28: 7.69
B29: 82 | C29: 0.072363 | D29: 50345 | E29: 3643 | F29: 0.070787 | G29: 7.19
B30: 83 | C30: 0.080889 | D30: 46702 | E30: 3778 | F30: 0.079576 | G30: 6.71
B31: 84 | C31: 0.090289 | D31: 42924 | E31: 3876 | F31: 0.089302 | G31: 6.26
B32: 85 | C32: 0.100675 | D32: 39048 | E32: 3931 | F32: 0.100159 | G32: 5.83

Sheet Q4
J2: X | K2: ='Q3'!O2 -> 60983 | N2: A sub 85 | O2: 0.8
J3: Y | K3: ='Q3'!O3 -> 0.004
J4: Z | K4: ='Q3'!O4 -> 83 | N4: 1+i | O4: 1.04
H5: from 82 | J5: K | K5: ='Q3'!O5 -> 72 | O5: 82 | P5: prem
B6: x | C6: qx | D6: lx | E6: dx | F6: mx | G6: ex | H6: vt | I6: Premium | M6: 3-year term age 82 | O6: =SUM(O9:O11) -> 0.20740109 | P6: =K$2*O6 -> 12647.941
B7: 60 | C7: 0.008016 | D7: 90975 | E7: 729 | F7: 0.007675 | G7: 22.35 | H7: =1/$O$4^($O$5-B7) -> 0.42195539 | I7: =$D$29/D7*H7*(P$6+P$7) -> 10808.313 | M7: 85+ben at 82 | O7: =O2*D32/D29*(O4^-3) -> 0.55161037 | P7: =K$2*O7 -> 33638.855
B8: 61 | C8: 0.008773 | D8: 90246 | E8: 792 | F8: 0.00843 | G8: 21.52 | H8: =1/$O$4^($O$5-B8) -> 0.4388336 | I8: =$D$29/D8*H8*(P$6+P$7) -> 11331.447 | L8: k | M8: (a) vk+1 | N8: (b) k|q82 | O8: (a) * (b)
B9: 62 | C9: 0.009492 | D9: 89454 | E9: 849 | F9: 0.009174 | G9: 20.71 | H9: =1/$O$4^($O$5-B9) -> 0.45638695 | I9: =$D$29/D9*H9*(P$6+P$7) -> 11889.043 | L9: 0 | M9: =1/$O$4^(L9+1) -> 0.96153846 | N9: =(D29-D30)/D$29 -> 0.072360711 | O9: =M9*N9 -> 0.069577607
B10: 63 | C10: 0.010259 | D10: 88605 | E10: 909 | F10: 0.009904 | G10: 19.9 | H10: =1/$O$4^($O$5-B10) -> 0.47464242 | I10: =$D$29/D10*H10*(P$6+P$7) -> 12483.081 | L10: 1 | M10: =1/$O$4^(L10+1) -> 0.92455621 | N10: =(D30-D31)/D$29 -> 0.075042209 | O10: =M10*N10 -> 0.06938074
B11: 64 | C11: 0.011227 | D11: 87696 | E11: 984 | F11: 0.010766 | G11: 19.1 | H11: =1/$O$4^($O$5-B11) -> 0.49362812 | I11: =$D$29/D11*H11*(P$6+P$7) -> 13116.971 | L11: 2 | M11: =1/$O$4^(L11+1) -> 0.88899636 | N11: =(D31-D32)/D$29 -> 0.076988777 | O11: =M11*N11 -> 0.068442743
B12: 65 | C12: 0.012404 | D12: 86712 | E12: 1076 | F12: 0.011861 | G12: 18.32 | H12: =1/$O$4^($O$5-B12) -> 0.51337325 | I12: =$D$29/D12*H12*(P$6+P$7) -> 13796.454
B13: 66 | C13: 0.013669 | D13: 85636 | E13: 1171 | F13: 0.013109 | G13: 17.54 | H13: =1/$O$4^($O$5-B13) -> 0.53390818 | I13: =$D$29/D13*H13*(P$6+P$7) -> 14528.596
B14: 67 | C14: 0.015008 | D14: 84465 | E14: 1267 | F14: 0.014416 | G14: 16.78 | H14: =1/$O$4^($O$5-B14) -> 0.5552645 | I14: =$D$29/D14*H14*(P$6+P$7) -> 15319.218
B15: 68 | C15: 0.016595 | D15: 83198 | E15: 1381 | F15: 0.015877 | G15: 16.02 | H15: =1/$O$4^($O$5-B15) -> 0.57747508 | I15: =$D$29/D15*H15*(P$6+P$7) -> 16174.61
B16: 69 | C16: 0.018538 | D16: 81817 | E16: 1517 | F16: 0.017674 | G16: 15.29 | H16: =1/$O$4^($O$5-B16) -> 0.60057409 | I16: =$D$29/D16*H16*(P$6+P$7) -> 17105.529
B17: 70 | C17: 0.020691 | D17: 80300 | E17: 1661 | F17: 0.019789 | G17: 14.56 | H17: =1/$O$4^($O$5-B17) -> 0.62459705 | I17: =$D$29/D17*H17*(P$6+P$7) -> 18125.828
B18: 71 | C18: 0.02286 | D18: 78639 | E18: 1798 | F18: 0.02201 | G18: 13.86 | H18: =1/$O$4^($O$5-B18) -> 0.64958093 | I18: =$D$29/D18*H18*(P$6+P$7) -> 19249.025
B19: 72 | C19: 0.025081 | D19: 76841 | E19: 1927 | F19: 0.024243 | G19: 13.17 | H19: =1/$O$4^($O$5-B19) -> 0.67556417 | I19: =$D$29/D19*H19*(P$6+P$7) -> 20487.41
B20: 73 | C20: 0.027479 | D20: 74914 | E20: 2059 | F20: 0.02659 | G20: 12.5 | H20: =1/$O$4^($O$5-B20) -> 0.70258674 | I20: =$D$29/D20*H20*(P$6+P$7) -> 21854.98
B21: 74 | C21: 0.030193 | D21: 72855 | E21: 2199 | F21: 0.029194 | G21: 11.84 | H21: =1/$O$4^($O$5-B21) -> 0.73069021 | I21: =$D$29/D21*H21*(P$6+P$7) -> 23371.543
B22: 75 | C22: 0.033362 | D22: 70656 | E22: 2357 | F22: 0.03221 | G22: 11.19
B23: 76 | C23: 0.037052 | D23: 68299 | E23: 2531 | F23: 0.035757 | G23: 10.56
B24: 77 | C24: 0.041194 | D24: 65768 | E24: 2709 | F24: 0.03983 | G24: 9.95
B25: 78 | C25: 0.045786 | D25: 63059 | E25: 2888 | F25: 0.044363 | G25: 9.35
B26: 79 | C26: 0.051112 | D26: 60171 | E26: 3075 | F26: 0.049514 | G26: 8.78
B27: 80 | C27: 0.057401 | D27: 57096 | E27: 3277 | F27: 0.055621 | G27: 8.22
B28: 81 | C28: 0.06455 | D28: 53819 | E28: 3474 | F28: 0.062774 | G28: 7.69
B29: 82 | C29: 0.072363 | D29: 50345 | E29: 3643 | F29: 0.070787 | G29: 7.19
B30: 83 | C30: 0.080889 | D30: 46702 | E30: 3778 | F30: 0.079576 | G30: 6.71
B31: 84 | C31: 0.090289 | D31: 42924 | E31: 3876 | F31: 0.089302 | G31: 6.26
B32: 85 | C32: 0.100675 | D32: 39048 | E32: 3931 | F32: 0.100159 | G32: 5.83

Sheet Q5
B2: X | C2: ='Q3'!O2 -> 60983 | G2: =0.04+C3 -> 0.044
A3: q sub 28 = | B3: Y | C3: ='Q3'!O3 -> 0.004 | F3: v | G3: =1/(1+G4) -> 0.95718388
B4: Z | C4: ='Q3'!O4 -> 83 | F4: i | G4: =((1+G2/4)^4)-1 -> 0.044731339
B5: K | C5: ='Q3'!O5 -> 72 | F5: d | G5: =G4/(1+G4) -> 0.042816116
E7: Hence, A sub 28 = | G7: =1-(G5*17) -> 0.27212602
E9: Hence, (IA) sub 29 = | G9: =(6-G7)/(G3*(1-C3)) -> 6.0081219

Sheet Q6
I3: =K3+'Q3'!O3 -> 1.024 | K3: 1.02
D5: (a) | E5: (b) | F5: (c)
B6: l[51]+time | C6: time | D6: benefit | E6: timep[51] | F6: v^time | G6: (a)*(b)*(c)
B7: 9681 | C7: 0 | D7: 1 | E7: =B7/B$7 -> 1 | F7: 1 | G7: =D7*E7*F7 -> 1
B8: 9660 | C8: 1 | D8: 2 | E8: =B8/B$7 -> 0.9978308 | F8: =F7/$I$3 -> 0.9765625 | G8: =D8*E8*F8 -> 1.9488883
B9: 9630 | C9: 2 | D9: 3 | E9: =B9/B$7 -> 0.99473195 | F9: =F8/$I$3 -> 0.95367432 | G9: =D9*E9*F9 -> 2.8459509
B10: 9596 | C10: 3 | D10: 4 | E10: =B10/B$7 -> 0.99121992 | F10: =F9/$I$3 -> 0.93132257 | G10: =D10*E10*F10 -> 3.6925819
G11: =SUM(G7:G10) -> 9.4874212
