Workbook
Name gompertz_B: Instructions!$L$7
Name gompertz_c: Instructions!$L$8
Name gompertz_g: #REF!
Name InitialAge: #REF!
Name InitialAgeQ2: #REF!
Name IntRate: #REF!
Name IntRateQ2: #REF!
Name lx_ELT15_female: Instructions!$C$10:$D$17
Name StepsEachYear: #REF!
Name StepsEachYearQ2: #REF!
Name StepSize: #REF!
Name StepSizeQ2: #REF!
Name TerminalAge: #REF!

Sheet Instructions
B2: Instructions
B3: (Note: If you would like to view these instructions at the same time as other sheets then you can use View>New Window to create a second window.)
B5: Question 1
C6: Estimate the following using Repeated Simpson's Rule with 10 steps:
C12: How close is this estimate to the exact answer?
B14: Question 2
C16: Use the following mortality table (called S1PMA) to calculate:
C18: (a) tp65 for each t=0,1,2,...
C20: (b) Using XLOOKUP(), allow the user to enter one value for t (from t=0,1,2,…,55) and display the corresponding tp65
C21: (Optional: If you like, you can use "data validation" to ensure the user enters a valid integer.)
C23: (c) Repeat part (b), but instead allow the user to enter any real value for t from 0 to 55.
C24: Use the Uniform Distribution of Deaths assumption to calculate your answer.
C25: HINT: You will find the function INT() useful to find the non-integer ages on either side.
C27: S1PMA
C29: Age (x) | D29: q(x)
C30: 16 | D30: 0.000361
C31: 17 | D31: 0.000364
C32: 18 | D32: 0.000368
C33: 19 | D33: 0.000373
C34: 20 | D34: 0.000379
C35: 21 | D35: 0.000386
C36: 22 | D36: 0.000395
C37: 23 | D37: 0.000406
C38: 24 | D38: 0.000419
C39: 25 | D39: 0.000434
C40: 26 | D40: 0.000453
C41: 27 | D41: 0.000475
... C134: 120 | D134: 1

Sheet Colour key
A2: Colour keys
A4: The colours below are used to make the worksheet more readable and easier to check.
A5: Using a colour key like this is considered good practice in the workplace.
A6: At the start of your career, it is especially important that you produce work that is easy to read, reuse and check.
A7: Your colleagues will appreciate it! And it is more efficient because it saves time for the more senior people.
A8: Not all of this key will be required in simple spreadsheets.
A11: Our colour key
A13: Parameters/inputs
A14: Data/values
A15: Calculations and text
A16: Discontinuous formulas are highlighted
A17: Value looked up from data
A18: Results

Sheet Question 1
B1: Lab 1 - Part 1 - Question 1
B3: We calculate:
B8: Using:
B12: We split the original integral into 10 integrals between 0 and 1, 1 and 2,…, 9 and 10.
B14: The layout below is one way to set this out, but there are other - possibly better! - ways.
B15: You can choose whether or not to use this approach. You might find the SUMPRODUCT() formula useful in the final column.
B18: Calculations
G19: Result | H19: =SUM(H26:H35) -> 15000.083
E21: Weights
E22: =1/6 -> 0.16666667 | F22: =1/6 -> 0.16666667 | G22: =4/6 -> 0.66666667
B23: Start | C23: End | D23: Mid
B24: point | C24: point | D24: point | H24: Approx
B25: a | C25: b | D25: (a+b)/2 | E25: f(a) | F25: f(b) | G25: f((a+b)/2) | H25: integral
B26: 0 | C26: =B26+1 -> 1 | D26: =(B26+C26)/2 -> 0.5 | E26: =B26^4 - 2*B26^3 -> 0 | F26: =C26^4 - 2*C26^3 -> -1 | G26: =D26^4 - 2*D26^3 -> -0.1875 | H26: =SUMPRODUCT(E26:G26,$E$22:$G$22) -> -0.29166667
B27: =B26+1 -> 1 | C27: =B27+1 -> 2 | D27: =(B27+C27)/2 -> 1.5 | E27: =B27^4 - 2*B27^3 -> -1 | F27: =C27^4 - 2*C27^3 -> 0 | G27: =D27^4 - 2*D27^3 -> -1.6875 | H27: =SUMPRODUCT(E27:G27,$E$22:$G$22) -> -1.2916667
B28: =B27+1 -> 2 | C28: =B28+1 -> 3 | D28: =(B28+C28)/2 -> 2.5 | E28: =B28^4 - 2*B28^3 -> 0 | F28: =C28^4 - 2*C28^3 -> 27 | G28: =D28^4 - 2*D28^3 -> 7.8125 | H28: =SUMPRODUCT(E28:G28,$E$22:$G$22) -> 9.7083333
B29: =B28+1 -> 3 | C29: =B29+1 -> 4 | D29: =(B29+C29)/2 -> 3.5 | E29: =B29^4 - 2*B29^3 -> 27 | F29: =C29^4 - 2*C29^3 -> 128 | G29: =D29^4 - 2*D29^3 -> 64.3125 | H29: =SUMPRODUCT(E29:G29,$E$22:$G$22) -> 68.708333
B30: =B29+1 -> 4 | C30: =B30+1 -> 5 | D30: =(B30+C30)/2 -> 4.5 | E30: =B30^4 - 2*B30^3 -> 128 | F30: =C30^4 - 2*C30^3 -> 375 | G30: =D30^4 - 2*D30^3 -> 227.8125 | H30: =SUMPRODUCT(E30:G30,$E$22:$G$22) -> 235.70833
B31: =B30+1 -> 5 | C31: =B31+1 -> 6 | D31: =(B31+C31)/2 -> 5.5 | E31: =B31^4 - 2*B31^3 -> 375 | F31: =C31^4 - 2*C31^3 -> 864 | G31: =D31^4 - 2*D31^3 -> 582.3125 | H31: =SUMPRODUCT(E31:G31,$E$22:$G$22) -> 594.70833
B32: =B31+1 -> 6 | C32: =B32+1 -> 7 | D32: =(B32+C32)/2 -> 6.5 | E32: =B32^4 - 2*B32^3 -> 864 | F32: =C32^4 - 2*C32^3 -> 1715 | G32: =D32^4 - 2*D32^3 -> 1235.8125 | H32: =SUMPRODUCT(E32:G32,$E$22:$G$22) -> 1253.7083
B33: =B32+1 -> 7 | C33: =B33+1 -> 8 | D33: =(B33+C33)/2 -> 7.5 | E33: =B33^4 - 2*B33^3 -> 1715 | F33: =C33^4 - 2*C33^3 -> 3072 | G33: =D33^4 - 2*D33^3 -> 2320.3125 | H33: =SUMPRODUCT(E33:G33,$E$22:$G$22) -> 2344.7083
B34: =B33+1 -> 8 | C34: =B34+1 -> 9 | D34: =(B34+C34)/2 -> 8.5 | E34: =B34^4 - 2*B34^3 -> 3072 | F34: =C34^4 - 2*C34^3 -> 5103 | G34: =D34^4 - 2*D34^3 -> 3991.8125 | H34: =SUMPRODUCT(E34:G34,$E$22:$G$22) -> 4023.7083
B35: =B34+1 -> 9 | C35: =B35+1 -> 10 | D35: =(B35+C35)/2 -> 9.5 | E35: =B35^4 - 2*B35^3 -> 5103 | F35: =C35^4 - 2*C35^3 -> 8000 | G35: =D35^4 - 2*D35^3 -> 6430.3125 | H35: =SUMPRODUCT(E35:G35,$E$22:$G$22) -> 6470.7083

Sheet Question 2
A1: Lab 1 - Part 1 - Question 2
A3: This sheet shows one way to set out your results. You can choose a different way if you prefer! Start with the calculations at the bottom.
A6: Inputs and Results
A8: (a) Table calculation | E8: (c) Non-integer lookup:
A9: See the calculations below.
E10: Input
E11: t (any number 0 to 55) | F11: 4.3
A12: (b) Integer lookup:
A14: Input | B14: Result | E14: Result
A15: t (integer 0 to 55) | B15: tp65 | E15: int(t)p65 | F15: =VLOOKUP(INT(F11),D25:E81,2) -> 0.94761418
A16: 4 | B16: =VLOOKUP(A16,D25:E81,2) -> 0.94761418 | E16: int(t)+1p65 | F16: =VLOOKUP(INT(F11)+1,D25:E81,2) -> 0.93095891
E17: tp65 | F17: =(TRUNC(F11)+1-F11)*F15+(F11-TRUNC(F11))*F16 -> 0.9426176
A22: Calculations
A25: Age x | B25: qx | C25: px | D25: Time t | E25: (Part a) tp65
A26: 65 | B26: =_xlfn.XLOOKUP(A26,Instructions!$C$30:$C$134,Instructions!$D$30:$D$134,"Error -No match") -> 0.011239 | C26: =1-B26 -> 0.988761 | D26: =1 -> 1 | E26: {=PRODUCT(_xlfn._xlws.FILTER($C$26:$C$81, $D$26:$D$81<=D26))} -> 0.988761
A27: =A26+1 -> 66 | B27: =_xlfn.XLOOKUP(A27,Instructions!$C$30:$C$134,Instructions!$D$30:$D$134,"Error -No match") -> 0.012529 | C27: =1-B27 -> 0.987471 | D27: =D26+1 -> 2 | E27: {=PRODUCT(_xlfn._xlws.FILTER($C$26:$C$81, $D$26:$D$81<=D27))} -> 0.97637281
A28: =A27+1 -> 67 | B28: =_xlfn.XLOOKUP(A28,Instructions!$C$30:$C$134,Instructions!$D$30:$D$134,"Error -No match") -> 0.014 | C28: =1-B28 -> 0.986 | D28: =D27+1 -> 3 | E28: {=PRODUCT(_xlfn._xlws.FILTER($C$26:$C$81, $D$26:$D$81<=D28))} -> 0.96270359
A29: =A28+1 -> 68 | B29: =_xlfn.XLOOKUP(A29,Instructions!$C$30:$C$134,Instructions!$D$30:$D$134,"Error -No match") -> 0.015674 | C29: =1-B29 -> 0.984326 | D29: =D28+1 -> 4 | E29: {=PRODUCT(_xlfn._xlws.FILTER($C$26:$C$81, $D$26:$D$81<=D29))} -> 0.94761418
A30: =A29+1 -> 69 | B30: =_xlfn.XLOOKUP(A30,Instructions!$C$30:$C$134,Instructions!$D$30:$D$134,"Error -No match") -> 0.017576 | C30: =1-B30 -> 0.982424 | D30: =D29+1 -> 5 | E30: {=PRODUCT(_xlfn._xlws.FILTER($C$26:$C$81, $D$26:$D$81<=D30))} -> 0.93095891
A31: =A30+1 -> 70 | B31: =_xlfn.XLOOKUP(A31,Instructions!$C$30:$C$134,Instructions!$D$30:$D$134,"Error -No match") -> 0.01973 | C31: =1-B31 -> 0.98027 | D31: =D30+1 -> 6 | E31: {=PRODUCT(_xlfn._xlws.FILTER($C$26:$C$81, $D$26:$D$81<=D31))} -> 0.91259109
A32: =A31+1 -> 71 | B32: =_xlfn.XLOOKUP(A32,Instructions!$C$30:$C$134,Instructions!$D$30:$D$134,"Error -No match") -> 0.022166 | C32: =1-B32 -> 0.977834 | D32: =D31+1 -> 7 | E32: {=PRODUCT(_xlfn._xlws.FILTER($C$26:$C$81, $D$26:$D$81<=D32))} -> 0.8923626
A33: =A32+1 -> 72 | B33: =_xlfn.XLOOKUP(A33,Instructions!$C$30:$C$134,Instructions!$D$30:$D$134,"Error -No match") -> 0.024914 | C33: =1-B33 -> 0.975086 | D33: =D32+1 -> 8 | E33: {=PRODUCT(_xlfn._xlws.FILTER($C$26:$C$81, $D$26:$D$81<=D33))} -> 0.87013028
A34: =A33+1 -> 73 | B34: =_xlfn.XLOOKUP(A34,Instructions!$C$30:$C$134,Instructions!$D$30:$D$134,"Error -No match") -> 0.028008 | C34: =1-B34 -> 0.971992 | D34: =D33+1 -> 9 | E34: {=PRODUCT(_xlfn._xlws.FILTER($C$26:$C$81, $D$26:$D$81<=D34))} -> 0.84575967
A35: =A34+1 -> 74 | B35: =_xlfn.XLOOKUP(A35,Instructions!$C$30:$C$134,Instructions!$D$30:$D$134,"Error -No match") -> 0.031483 | C35: =1-B35 -> 0.968517 | D35: =D34+1 -> 10 | E35: {=PRODUCT(_xlfn._xlws.FILTER($C$26:$C$81, $D$26:$D$81<=D35))} -> 0.81913262
A36: =A35+1 -> 75 | B36: =_xlfn.XLOOKUP(A36,Instructions!$C$30:$C$134,Instructions!$D$30:$D$134,"Error -No match") -> 0.035378 | C36: =1-B36 -> 0.964622 | D36: =D35+1 -> 11 | E36: {=PRODUCT(_xlfn._xlws.FILTER($C$26:$C$81, $D$26:$D$81<=D36))} -> 0.79015334
A37: =A36+1 -> 76 | B37: =_xlfn.XLOOKUP(A37,Instructions!$C$30:$C$134,Instructions!$D$30:$D$134,"Error -No match") -> 0.039732 | C37: =1-B37 -> 0.960268 | D37: =D36+1 -> 12 | E37: {=PRODUCT(_xlfn._xlws.FILTER($C$26:$C$81, $D$26:$D$81<=D37))} -> 0.75875897
A38: =A37+1 -> 77 | B38: =_xlfn.XLOOKUP(A38,Instructions!$C$30:$C$134,Instructions!$D$30:$D$134,"Error -No match") -> 0.044589 | C38: =1-B38 -> 0.955411 | D38: =D37+1 -> 13 | E38: {=PRODUCT(_xlfn._xlws.FILTER($C$26:$C$81, $D$26:$D$81<=D38))} -> 0.72492667
... A81: =A80+1 -> 120 | B81: =_xlfn.XLOOKUP(A81,Instructions!$C$30:$C$134,Instructions!$D$30:$D$134,"Error -No match") -> 1 | C81: =1-B81 -> 0 | D81: =D80+1 -> 56 | E81: {=PRODUCT(_xlfn._xlws.FILTER($C$26:$C$81, $D$26:$D$81<=D81))} -> 0
