Workbook
Name gompertz_B: Instructions!$L$7
Name gompertz_c: Instructions!$L$8
Name gompertz_g: 'Question 2'!$C$10
Name InitialAge: 'Question 1'!$B$5
Name InitialAgeQ2: 'Question 2'!$C$5
Name IntRate: 'Question 1'!$B$8
Name IntRateQ2: 'Question 2'!$C$6
Name lx_ELT15_female: Instructions!$C$10:$D$15
Name StepsEachYear: 'Question 1'!$B$6
Name StepsEachYearQ2: 'Question 2'!$C$7
Name StepSize: 'Question 1'!$B$7
Name StepSizeQ2: 'Question 2'!$C$8
Name TerminalAge: 'Question 2'!$C$9

Sheet Instructions
B2: Instructions
B3: (Note: If you would like to view these instructions at the same time as other sheets then you can use View>New Window to create a second window.)
B5: Question 1 | K5: Question 2
C6: A survival model is given by ELT15 Females. | K6: A survival model follows Gompertz' Law with parameters:
C7: You will need the following lifetable for ELT15 Females: | K7: B | L7: 0.0005
K8: c | L8: 1.09
C9: Age | D9: l(x)
C10: 80 | D10: 55607 | K10: Exercise: Calculate the following functions for ages x = 40, 60 and 80.
C11: 81 | D11: 52293 | K11: (a) | L11: äx
C12: 82 | D12: 48858 | K12: (b) | L12: ä(2)x
C13: 83 | D13: 45332 | K13: (c) | L13: āx | M13: (use Simpson's rule with step size 1/8 to estimate the integral)
C14: 84 | D14: 41736 | K14: (d) | L14: (Iä)x
C15: 85 | D15: 38081 | K15: Use an effective annual rate of interest of 4%.
C17: (We colour this blue because it is information we have copied from another source.)
K18: Hint: Here are the numerical answers.
B19: (a) | C19: Exercise:
C20: Calculate an annuity-due paid to a life from age 80 for a term of 5 years or until earlier death. | K20: Interest | L20: Age | M20: äx | N20: ä(2)x | O20: āx | P20: (Iä)x
C21: Use an effective annual rate of interest of 4%. | K21: 0.04 | L21: 40 | M21: 12.62 | N21: 12.37 | O21: 12.12 | P21: 123.12
C22: Hint: The answer is 4.083 | L22: 60 | M22: 6.16 | N22: 5.9 | O22: 5.65 | P22: 31.59
L23: 80 | M23: 2.2 | N23: 1.92 | O23: 1.65 | P23: 4.59
B24: (b) | C24: Exercise: | K24: 0.06 | L24: 40 | M24: 10.78 | N24: 10.53 | O24: 10.28 | P24: 95.07
C25: Calculate an annuity-due paid monthly to a life from age 80 for a term of 5 years or until earlier death. | L25: 60 | M25: 5.71 | N25: 5.45 | O25: 5.2 | P25: 27.76
C26: Use an effective annual rate of interest of 4%. | L26: 80 | M26: 2.15 | N26: 1.87 | O26: 1.61 | P26: 4.42
C27: Use your answer to part (a) and the Woolhouse approximation.
C28: Hint: The answer is 3.883
B30: (c) | C30: Exercise:
C31: Do the same calculation as part (b), but don't use the Woolhouse approximation.
C32: Instead, use monthly steps and use UDD to calculate the survival probabilities at each step.
C34: Hint 1: (3.5)p(80) = 0.7829
C35: Hint 2: The final answer is 3.880
B37: (d) | C37: Exercise:
C38: How would you convince yourself (and maybe your boss!) that these are the correct answers?
C39: (If you didn't have the numerical hints to help you!)
C40: Do the answers seem plausible? How to do they compare to each other?

Sheet Colour key
A2: Colour keys
A4: The colours below are used to make the worksheet more readable and easier to check.
A5: Using a colour key like this is considered good practice in the workplace.
A6: At the start of your career, it is especially important that you produce work that is easy to read, reuse and check.
A7: Your colleagues will appreciate it! And it is more efficient because it saves time for the more senior people.
A8: Not all of this key will be required in simple spreadsheets.
A11: Our colour key
A13: Parameters/inputs
A14: Data/values
A15: Calculations and text
A16: Discontinuous formulas are highlighted
A17: Value looked up from data
A18: Results

Sheet Question 1
A1: Lab 1 - Part 2 - Question 1
A4: Parameters | F4: Results | L4: (d) Comments on plausibility of results
A5: InitialAge | B5: =80 -> 80 | F5: (a) | G5: ä80:5 | H5: =SUM(D18:D22) -> 4.0828815 | I5: using annual steps
A6: StepsEachYear | B6: 12 | C6: (for non-annual calcs) | F6: (b) | G6: ä(12)80:5 | H6: =$H$5-((StepsEachYear-1)/(2*StepsEachYear))*(1-E23/E18) -> 3.8825326 | I6: using Woolhouse approximation
A7: StepSize | B7: =1/StepsEachYear -> 0.083333333 | C7: (for non-annual calcs) | F7: (c) | G7: ä(12)80:5 | H7: =SUM(N18:N77)*StepSize -> 3.8801868 | I7: using monthly steps and UDD
A8: IntRate | B8: 0.04
F9: HINT: If you take the right approach below, you can get the answers above using SUM()
A12: Calculations
G14: HINT: The formula INT() can be used to round a number down to its integer part.
A16: (a) Annual steps | E16: (b) D(x+t) | G16: Monthly steps | K16: (c) UDD
A17: Age x+t | B17: l(x+t) | C17: tp80 | D17: vt tp80 | G17: Step number | H17: Age x+t | I17: l(int(x)) | J17: l(int(x)+1) | K17: Notional deaths before next step | L17: l(x+t) | M17: tp80 | N17: vt tp80
A18: =InitialAge -> 80 | B18: =VLOOKUP(A18,Instructions!$C$9:$D$15,2) -> 55607 | C18: =B18/$B$18 -> 1 | D18: =(1+IntRate)^(-(A18-InitialAge)) * C18 -> 1 | E18: =(1+IntRate)^(-(A18-InitialAge))*B18 -> 55607 | G18: 0 | H18: =InitialAge+G18*StepSize -> 80 | I18: =VLOOKUP(INT(H18),Instructions!$C$9:$D$15,2) -> 55607 | J18: =VLOOKUP(INT(H18)+1,Instructions!$C$9:$D$15,2) -> 52293 | K18: =H18-INT(H18) -> 0 | L18: =K18*J18 +(1-K18)*I18 -> 55607 | M18: =L18/$L$18 -> 1 | N18: =(1+IntRate)^(-(H18-InitialAge))*M18 -> 1
A19: =A18+1 -> 81 | B19: =VLOOKUP(A19,Instructions!$C$9:$D$15,2) -> 52293 | C19: =B19/$B$18 -> 0.94040319 | D19: =(1+IntRate)^(-(A19-InitialAge)) * C19 -> 0.90423383 | E19: =(1+IntRate)^(-(A19-InitialAge))*B19 -> 50281.731 | G19: =G18+1 -> 1 | H19: =InitialAge+G19*StepSize -> 80.083333 | I19: =VLOOKUP(INT(H19),Instructions!$C$9:$D$15,2) -> 55607 | J19: =VLOOKUP(INT(H19)+1,Instructions!$C$9:$D$15,2) -> 52293 | K19: =H19-INT(H19) -> 0.083333333 | L19: =K19*J19 +(1-K19)*I19 -> 55330.833 | M19: =L19/$L$18 -> 0.9950336 | N19: =(1+IntRate)^(-(H19-InitialAge))*M19 -> 0.99178675
A20: =A19+1 -> 82 | B20: =VLOOKUP(A20,Instructions!$C$9:$D$15,2) -> 48858 | C20: =B20/$B$18 -> 0.87863039 | D20: =(1+IntRate)^(-(A20-InitialAge)) * C20 -> 0.81234318 | E20: =(1+IntRate)^(-(A20-InitialAge))*B20 -> 45171.967 | G20: =G19+1 -> 2 | H20: =InitialAge+G20*StepSize -> 80.166667 | I20: =VLOOKUP(INT(H20),Instructions!$C$9:$D$15,2) -> 55607 | J20: =VLOOKUP(INT(H20)+1,Instructions!$C$9:$D$15,2) -> 52293 | K20: =H20-INT(H20) -> 0.16666667 | L20: =K20*J20 +(1-K20)*I20 -> 55054.667 | M20: =L20/$L$18 -> 0.9900672 | N20: =(1+IntRate)^(-(H20-InitialAge))*M20 -> 0.98361645
A21: =A20+1 -> 83 | B21: =VLOOKUP(A21,Instructions!$C$9:$D$15,2) -> 45332 | C21: =B21/$B$18 -> 0.81522111 | D21: =(1+IntRate)^(-(A21-InitialAge)) * C21 -> 0.72472859 | E21: =(1+IntRate)^(-(A21-InitialAge))*B21 -> 40299.983 | G21: =G20+1 -> 3 | H21: =InitialAge+G21*StepSize -> 80.25 | I21: =VLOOKUP(INT(H21),Instructions!$C$9:$D$15,2) -> 55607 | J21: =VLOOKUP(INT(H21)+1,Instructions!$C$9:$D$15,2) -> 52293 | K21: =H21-INT(H21) -> 0.25 | L21: =K21*J21 +(1-K21)*I21 -> 54778.5 | M21: =L21/$L$18 -> 0.9851008 | N21: =(1+IntRate)^(-(H21-InitialAge))*M21 -> 0.97548891
A22: =A21+1 -> 84 | B22: =VLOOKUP(A22,Instructions!$C$9:$D$15,2) -> 41736 | C22: =B22/$B$18 -> 0.75055299 | D22: =(1+IntRate)^(-(A22-InitialAge)) * C22 -> 0.64157584 | E22: =(1+IntRate)^(-(A22-InitialAge))*B22 -> 35676.108 | G22: =G21+1 -> 4 | H22: =InitialAge+G22*StepSize -> 80.333333 | I22: =VLOOKUP(INT(H22),Instructions!$C$9:$D$15,2) -> 55607 | J22: =VLOOKUP(INT(H22)+1,Instructions!$C$9:$D$15,2) -> 52293 | K22: =H22-INT(H22) -> 0.33333333 | L22: =K22*J22 +(1-K22)*I22 -> 54502.333 | M22: =L22/$L$18 -> 0.9801344 | N22: =(1+IntRate)^(-(H22-InitialAge))*M22 -> 0.96740394
A23: =A22+1 -> 85 | B23: =VLOOKUP(A23,Instructions!$C$9:$D$15,2) -> 38081 | C23: =B23/$B$18 -> 0.68482385 | D23: =(1+IntRate)^(-(A23-InitialAge)) * C23 -> 0.56287529 | E23: =(1+IntRate)^(-(A23-InitialAge))*B23 -> 31299.806 | G23: =G22+1 -> 5 | H23: =InitialAge+G23*StepSize -> 80.416667 | I23: =VLOOKUP(INT(H23),Instructions!$C$9:$D$15,2) -> 55607 | J23: =VLOOKUP(INT(H23)+1,Instructions!$C$9:$D$15,2) -> 52293 | K23: =H23-INT(H23) -> 0.41666667 | L23: =K23*J23 +(1-K23)*I23 -> 54226.167 | M23: =L23/$L$18 -> 0.97516799 | N23: =(1+IntRate)^(-(H23-InitialAge))*M23 -> 0.95936134
G24: =G23+1 -> 6 | H24: =InitialAge+G24*StepSize -> 80.5 | I24: =VLOOKUP(INT(H24),Instructions!$C$9:$D$15,2) -> 55607 | J24: =VLOOKUP(INT(H24)+1,Instructions!$C$9:$D$15,2) -> 52293 | K24: =H24-INT(H24) -> 0.5 | L24: =K24*J24 +(1-K24)*I24 -> 53950 | M24: =L24/$L$18 -> 0.97020159 | N24: =(1+IntRate)^(-(H24-InitialAge))*M24 -> 0.95136093
G25: =G24+1 -> 7 | H25: =InitialAge+G25*StepSize -> 80.583333 | I25: =VLOOKUP(INT(H25),Instructions!$C$9:$D$15,2) -> 55607 | J25: =VLOOKUP(INT(H25)+1,Instructions!$C$9:$D$15,2) -> 52293 | K25: =H25-INT(H25) -> 0.58333333 | L25: =K25*J25 +(1-K25)*I25 -> 53673.833 | M25: =L25/$L$18 -> 0.96523519 | N25: =(1+IntRate)^(-(H25-InitialAge))*M25 -> 0.94340252
G26: =G25+1 -> 8 | H26: =InitialAge+G26*StepSize -> 80.666667 | I26: =VLOOKUP(INT(H26),Instructions!$C$9:$D$15,2) -> 55607 | J26: =VLOOKUP(INT(H26)+1,Instructions!$C$9:$D$15,2) -> 52293 | K26: =H26-INT(H26) -> 0.66666667 | L26: =K26*J26 +(1-K26)*I26 -> 53397.667 | M26: =L26/$L$18 -> 0.96026879 | N26: =(1+IntRate)^(-(H26-InitialAge))*M26 -> 0.93548592
G27: =G26+1 -> 9 | H27: =InitialAge+G27*StepSize -> 80.75 | I27: =VLOOKUP(INT(H27),Instructions!$C$9:$D$15,2) -> 55607 | J27: =VLOOKUP(INT(H27)+1,Instructions!$C$9:$D$15,2) -> 52293 | K27: =H27-INT(H27) -> 0.75 | L27: =K27*J27 +(1-K27)*I27 -> 53121.5 | M27: =L27/$L$18 -> 0.95530239 | N27: =(1+IntRate)^(-(H27-InitialAge))*M27 -> 0.92761094
G28: =G27+1 -> 10 | H28: =InitialAge+G28*StepSize -> 80.833333 | I28: =VLOOKUP(INT(H28),Instructions!$C$9:$D$15,2) -> 55607 | J28: =VLOOKUP(INT(H28)+1,Instructions!$C$9:$D$15,2) -> 52293 | K28: =H28-INT(H28) -> 0.83333333 | L28: =K28*J28 +(1-K28)*I28 -> 52845.333 | M28: =L28/$L$18 -> 0.95033599 | N28: =(1+IntRate)^(-(H28-InitialAge))*M28 -> 0.91977738
G29: =G28+1 -> 11 | H29: =InitialAge+G29*StepSize -> 80.916667 | I29: =VLOOKUP(INT(H29),Instructions!$C$9:$D$15,2) -> 55607 | J29: =VLOOKUP(INT(H29)+1,Instructions!$C$9:$D$15,2) -> 52293 | K29: =H29-INT(H29) -> 0.91666667 | L29: =K29*J29 +(1-K29)*I29 -> 52569.167 | M29: =L29/$L$18 -> 0.94536959 | N29: =(1+IntRate)^(-(H29-InitialAge))*M29 -> 0.91198508
G30: =G29+1 -> 12 | H30: =InitialAge+G30*StepSize -> 81 | I30: =VLOOKUP(INT(H30),Instructions!$C$9:$D$15,2) -> 52293 | J30: =VLOOKUP(INT(H30)+1,Instructions!$C$9:$D$15,2) -> 48858 | K30: =H30-INT(H30) -> 0 | L30: =K30*J30 +(1-K30)*I30 -> 52293 | M30: =L30/$L$18 -> 0.94040319 | N30: =(1+IntRate)^(-(H30-InitialAge))*M30 -> 0.90423383
G31: =G30+1 -> 13 | H31: =InitialAge+G31*StepSize -> 81.083333 | I31: =VLOOKUP(INT(H31),Instructions!$C$9:$D$15,2) -> 52293 | J31: =VLOOKUP(INT(H31)+1,Instructions!$C$9:$D$15,2) -> 48858 | K31: =H31-INT(H31) -> 0.083333333 | L31: =K31*J31 +(1-K31)*I31 -> 52006.75 | M31: =L31/$L$18 -> 0.93525545 | N31: =(1+IntRate)^(-(H31-InitialAge))*M31 -> 0.89634967
G32: =G31+1 -> 14 | H32: =InitialAge+G32*StepSize -> 81.166667 | I32: =VLOOKUP(INT(H32),Instructions!$C$9:$D$15,2) -> 52293 | J32: =VLOOKUP(INT(H32)+1,Instructions!$C$9:$D$15,2) -> 48858 | K32: =H32-INT(H32) -> 0.16666667 | L32: =K32*J32 +(1-K32)*I32 -> 51720.5 | M32: =L32/$L$18 -> 0.93010772 | N32: =(1+IntRate)^(-(H32-InitialAge))*M32 -> 0.88850734
G33: =G32+1 -> 15 | H33: =InitialAge+G33*StepSize -> 81.25 | I33: =VLOOKUP(INT(H33),Instructions!$C$9:$D$15,2) -> 52293 | J33: =VLOOKUP(INT(H33)+1,Instructions!$C$9:$D$15,2) -> 48858 | K33: =H33-INT(H33) -> 0.25 | L33: =K33*J33 +(1-K33)*I33 -> 51434.25 | M33: =L33/$L$18 -> 0.92495999 | N33: =(1+IntRate)^(-(H33-InitialAge))*M33 -> 0.88070664
G34: =G33+1 -> 16 | H34: =InitialAge+G34*StepSize -> 81.333333 | I34: =VLOOKUP(INT(H34),Instructions!$C$9:$D$15,2) -> 52293 | J34: =VLOOKUP(INT(H34)+1,Instructions!$C$9:$D$15,2) -> 48858 | K34: =H34-INT(H34) -> 0.33333333 | L34: =K34*J34 +(1-K34)*I34 -> 51148 | M34: =L34/$L$18 -> 0.91981225 | N34: =(1+IntRate)^(-(H34-InitialAge))*M34 -> 0.87294739
G35: =G34+1 -> 17 | H35: =InitialAge+G35*StepSize -> 81.416667 | I35: =VLOOKUP(INT(H35),Instructions!$C$9:$D$15,2) -> 52293 | J35: =VLOOKUP(INT(H35)+1,Instructions!$C$9:$D$15,2) -> 48858 | K35: =H35-INT(H35) -> 0.41666667 | L35: =K35*J35 +(1-K35)*I35 -> 50861.75 | M35: =L35/$L$18 -> 0.91466452 | N35: =(1+IntRate)^(-(H35-InitialAge))*M35 -> 0.8652294
... G78: =G77+1 -> 60 | H78: =InitialAge+G78*StepSize -> 85 | I78: =VLOOKUP(INT(H78),Instructions!$C$9:$D$15,2) -> 38081 | J78: =VLOOKUP(INT(H78)+1,Instructions!$C$9:$D$15,2) -> 38081 | K78: =H78-INT(H78) -> 0 | L78: =K78*J78 +(1-K78)*I78 -> 38081 | M78: =L78/$L$18 -> 0.68482385 | N78: =(1+IntRate)^(-(H78-InitialAge))*M78 -> 0.56287529

Sheet Question 2
A1: Lab 1 - Part 2 - Question 2
B4: Parameters
B5: InitialAgeQ2 | C5: 40
B6: IntRateQ2 | C6: 0.04
B7: StepsEachYearQ2 | C7: 8
B8: StepSizeQ2 | C8: =1/C7 -> 0.125
B9: TerminalAge | C9: 120
B10: gompertz_g | C10: =EXP(-gompertz_B/LOG(gompertz_c,EXP(1))) -> 0.99421483
B11: NOTE: Some parameters are on the instructions sheet.
B14: Results
B16: Interest rate | C16: Age | D16: äx | E16: ä(2)x | F16: āx | G16: (Iä)x
B17: =IntRateQ2 -> 0.04 | C17: =InitialAgeQ2 -> 40 | D17: =SUMPRODUCT($E$30:$E$670,F30:F670) -> 12.623159 | E17: =SUMPRODUCT($E$30:$E$670,G30:G670) -> 12.369727 | F17: =(2/StepsEachYearQ2)/6*SUMPRODUCT($E$30:$E$670,H30:H670) -> 12.118582 | G17: =SUMPRODUCT($E$30:$E$669,I30:I669) -> 123.11664 | I17: <---- HINT: To find these answers, you can either use SUMPRODUCT() with the calcs below, or you can add more columns below and just use SUM()
B18: Note: To get all of the different combinations of interest/age you can change the parameters above.
B19: Or you can use a data table (More advanced and beyond this tutorial, but a very nice way to do it!)
B22: Calculations
B24: HINT: You can set out the calculations however you like so long as you get to the right answers.
B25: ..and so long as you comply with good spreadsheet standards.
B26: The layout below is just one way to do it.
H27: āx
F28: äx | G28: ä(2)x | H28: Simpson | I28: (Iä)x
B29: Step | C29: Age (x+t) | D29: tpx | E29: vt tpx | F29: Payments | G29: Payments | H29: weights | I29: Payments
B30: 0 | C30: =InitialAgeQ2+B30*StepSizeQ2 -> 40 | D30: =POWER(gompertz_g,POWER(gompertz_c,InitialAgeQ2)*(gompertz_c^('Question 2'!C30-InitialAgeQ2)-1)) -> 1 | E30: =(1+IntRateQ2)^(-(C30-InitialAgeQ2))*D30 -> 1 | F30: =IF(MOD(B30,8)=0,1,0) -> 1 | G30: =IF(MOD(B30,4)=0,1/2,0) -> 0.5 | H30: =IF(B30=0,1,IF(ISEVEN(B30),2,4)) -> 1 | I30: =IF(MOD(B30,StepsEachYearQ2)=0,1+B30/StepsEachYearQ2,0) -> 1
B31: =B30+1 -> 1 | C31: =InitialAgeQ2+B31*StepSizeQ2 -> 40.125 | D31: =POWER(gompertz_g,POWER(gompertz_c,InitialAgeQ2)*(gompertz_c^('Question 2'!C31-InitialAgeQ2)-1)) -> 0.99802825 | E31: =(1+IntRateQ2)^(-(C31-InitialAgeQ2))*D31 -> 0.9931473 | F31: =IF(MOD(B31,8)=0,1,0) -> 0 | G31: =IF(MOD(B31,4)=0,1/2,0) -> 0 | H31: =IF(B31=0,1,IF(ISEVEN(B31),2,4)) -> 4 | I31: =IF(MOD(B31,StepsEachYearQ2)=0,1+B31/StepsEachYearQ2,0) -> 0
B32: =B31+1 -> 2 | C32: =InitialAgeQ2+B32*StepSizeQ2 -> 40.25 | D32: =POWER(gompertz_g,POWER(gompertz_c,InitialAgeQ2)*(gompertz_c^('Question 2'!C32-InitialAgeQ2)-1)) -> 0.99603909 | E32: =(1+IntRateQ2)^(-(C32-InitialAgeQ2))*D32 -> 0.98632047 | F32: =IF(MOD(B32,8)=0,1,0) -> 0 | G32: =IF(MOD(B32,4)=0,1/2,0) -> 0 | H32: =IF(B32=0,1,IF(ISEVEN(B32),2,4)) -> 2 | I32: =IF(MOD(B32,StepsEachYearQ2)=0,1+B32/StepsEachYearQ2,0) -> 0
B33: =B32+1 -> 3 | C33: =InitialAgeQ2+B33*StepSizeQ2 -> 40.375 | D33: =POWER(gompertz_g,POWER(gompertz_c,InitialAgeQ2)*(gompertz_c^('Question 2'!C33-InitialAgeQ2)-1)) -> 0.99403242 | E33: =(1+IntRateQ2)^(-(C33-InitialAgeQ2))*D33 -> 0.97951941 | F33: =IF(MOD(B33,8)=0,1,0) -> 0 | G33: =IF(MOD(B33,4)=0,1/2,0) -> 0 | H33: =IF(B33=0,1,IF(ISEVEN(B33),2,4)) -> 4 | I33: =IF(MOD(B33,StepsEachYearQ2)=0,1+B33/StepsEachYearQ2,0) -> 0
B34: =B33+1 -> 4 | C34: =InitialAgeQ2+B34*StepSizeQ2 -> 40.5 | D34: =POWER(gompertz_g,POWER(gompertz_c,InitialAgeQ2)*(gompertz_c^('Question 2'!C34-InitialAgeQ2)-1)) -> 0.99200812 | E34: =(1+IntRateQ2)^(-(C34-InitialAgeQ2))*D34 -> 0.97274399 | F34: =IF(MOD(B34,8)=0,1,0) -> 0 | G34: =IF(MOD(B34,4)=0,1/2,0) -> 0.5 | H34: =IF(B34=0,1,IF(ISEVEN(B34),2,4)) -> 2 | I34: =IF(MOD(B34,StepsEachYearQ2)=0,1+B34/StepsEachYearQ2,0) -> 0
B35: =B34+1 -> 5 | C35: =InitialAgeQ2+B35*StepSizeQ2 -> 40.625 | D35: =POWER(gompertz_g,POWER(gompertz_c,InitialAgeQ2)*(gompertz_c^('Question 2'!C35-InitialAgeQ2)-1)) -> 0.98996609 | E35: =(1+IntRateQ2)^(-(C35-InitialAgeQ2))*D35 -> 0.96599412 | F35: =IF(MOD(B35,8)=0,1,0) -> 0 | G35: =IF(MOD(B35,4)=0,1/2,0) -> 0 | H35: =IF(B35=0,1,IF(ISEVEN(B35),2,4)) -> 4 | I35: =IF(MOD(B35,StepsEachYearQ2)=0,1+B35/StepsEachYearQ2,0) -> 0
B36: =B35+1 -> 6 | C36: =InitialAgeQ2+B36*StepSizeQ2 -> 40.75 | D36: =POWER(gompertz_g,POWER(gompertz_c,InitialAgeQ2)*(gompertz_c^('Question 2'!C36-InitialAgeQ2)-1)) -> 0.98790621 | E36: =(1+IntRateQ2)^(-(C36-InitialAgeQ2))*D36 -> 0.95926967 | F36: =IF(MOD(B36,8)=0,1,0) -> 0 | G36: =IF(MOD(B36,4)=0,1/2,0) -> 0 | H36: =IF(B36=0,1,IF(ISEVEN(B36),2,4)) -> 2 | I36: =IF(MOD(B36,StepsEachYearQ2)=0,1+B36/StepsEachYearQ2,0) -> 0
B37: =B36+1 -> 7 | C37: =InitialAgeQ2+B37*StepSizeQ2 -> 40.875 | D37: =POWER(gompertz_g,POWER(gompertz_c,InitialAgeQ2)*(gompertz_c^('Question 2'!C37-InitialAgeQ2)-1)) -> 0.98582839 | E37: =(1+IntRateQ2)^(-(C37-InitialAgeQ2))*D37 -> 0.95257054 | F37: =IF(MOD(B37,8)=0,1,0) -> 0 | G37: =IF(MOD(B37,4)=0,1/2,0) -> 0 | H37: =IF(B37=0,1,IF(ISEVEN(B37),2,4)) -> 4 | I37: =IF(MOD(B37,StepsEachYearQ2)=0,1+B37/StepsEachYearQ2,0) -> 0
B38: =B37+1 -> 8 | C38: =InitialAgeQ2+B38*StepSizeQ2 -> 41 | D38: =POWER(gompertz_g,POWER(gompertz_c,InitialAgeQ2)*(gompertz_c^('Question 2'!C38-InitialAgeQ2)-1)) -> 0.9837325 | E38: =(1+IntRateQ2)^(-(C38-InitialAgeQ2))*D38 -> 0.94589663 | F38: =IF(MOD(B38,8)=0,1,0) -> 1 | G38: =IF(MOD(B38,4)=0,1/2,0) -> 0.5 | H38: =IF(B38=0,1,IF(ISEVEN(B38),2,4)) -> 2 | I38: =IF(MOD(B38,StepsEachYearQ2)=0,1+B38/StepsEachYearQ2,0) -> 2
B39: =B38+1 -> 9 | C39: =InitialAgeQ2+B39*StepSizeQ2 -> 41.125 | D39: =POWER(gompertz_g,POWER(gompertz_c,InitialAgeQ2)*(gompertz_c^('Question 2'!C39-InitialAgeQ2)-1)) -> 0.98161843 | E39: =(1+IntRateQ2)^(-(C39-InitialAgeQ2))*D39 -> 0.93924783 | F39: =IF(MOD(B39,8)=0,1,0) -> 0 | G39: =IF(MOD(B39,4)=0,1/2,0) -> 0 | H39: =IF(B39=0,1,IF(ISEVEN(B39),2,4)) -> 4 | I39: =IF(MOD(B39,StepsEachYearQ2)=0,1+B39/StepsEachYearQ2,0) -> 0
B40: =B39+1 -> 10 | C40: =InitialAgeQ2+B40*StepSizeQ2 -> 41.25 | D40: =POWER(gompertz_g,POWER(gompertz_c,InitialAgeQ2)*(gompertz_c^('Question 2'!C40-InitialAgeQ2)-1)) -> 0.97948609 | E40: =(1+IntRateQ2)^(-(C40-InitialAgeQ2))*D40 -> 0.93262403 | F40: =IF(MOD(B40,8)=0,1,0) -> 0 | G40: =IF(MOD(B40,4)=0,1/2,0) -> 0 | H40: =IF(B40=0,1,IF(ISEVEN(B40),2,4)) -> 2 | I40: =IF(MOD(B40,StepsEachYearQ2)=0,1+B40/StepsEachYearQ2,0) -> 0
B41: =B40+1 -> 11 | C41: =InitialAgeQ2+B41*StepSizeQ2 -> 41.375 | D41: =POWER(gompertz_g,POWER(gompertz_c,InitialAgeQ2)*(gompertz_c^('Question 2'!C41-InitialAgeQ2)-1)) -> 0.97733537 | E41: =(1+IntRateQ2)^(-(C41-InitialAgeQ2))*D41 -> 0.92602513 | F41: =IF(MOD(B41,8)=0,1,0) -> 0 | G41: =IF(MOD(B41,4)=0,1/2,0) -> 0 | H41: =IF(B41=0,1,IF(ISEVEN(B41),2,4)) -> 4 | I41: =IF(MOD(B41,StepsEachYearQ2)=0,1+B41/StepsEachYearQ2,0) -> 0
B42: =B41+1 -> 12 | C42: =InitialAgeQ2+B42*StepSizeQ2 -> 41.5 | D42: =POWER(gompertz_g,POWER(gompertz_c,InitialAgeQ2)*(gompertz_c^('Question 2'!C42-InitialAgeQ2)-1)) -> 0.97516615 | E42: =(1+IntRateQ2)^(-(C42-InitialAgeQ2))*D42 -> 0.91945104 | F42: =IF(MOD(B42,8)=0,1,0) -> 0 | G42: =IF(MOD(B42,4)=0,1/2,0) -> 0.5 | H42: =IF(B42=0,1,IF(ISEVEN(B42),2,4)) -> 2 | I42: =IF(MOD(B42,StepsEachYearQ2)=0,1+B42/StepsEachYearQ2,0) -> 0
... B670: =B669+1 -> 640 | C670: =InitialAgeQ2+B670*StepSizeQ2 -> 120 | D670: =POWER(gompertz_g,POWER(gompertz_c,InitialAgeQ2)*(gompertz_c^('Question 2'!C670-InitialAgeQ2)-1)) -> 9.9828612e-79 | E670: =(1+IntRateQ2)^(-(C670-InitialAgeQ2))*D670 -> 4.3309971e-80 | F670: =IF(MOD(B670,8)=0,1,0) -> 1 | G670: =IF(MOD(B670,4)=0,1/2,0) -> 0.5 | H670: =IF(B670=0,1,IF(ISEVEN(B670),2,4)) -> 2 | I670: =IF(MOD(B670,StepsEachYearQ2)=0,1+B670/StepsEachYearQ2,0) -> 81
