Workbook

Sheet Q2
D4: (a) | E4: =G4*H4 -> 48128 | G4: 80000 | H4: 0.6016
E5: =PRODUCT(G5:I5) -> 15483.6 | G5: 0.88 | H5: 2500 | I5: 7.038
E8: =E4-E5 -> 32644.4
D9: 150 | E9: =E8-D9 -> 32494.4
D13: (b)
E15: =E9/H4 -> 54013.298

Sheet Q3
N2: X | O2: 23455 | P2: This is the only cell where part of the ID number should be input.
N3: Y | O3: =(RIGHT(O2,1)+1)/1000 -> 0.006
N4: Z | O4: =RIGHT(O2,2) -> 55
N5: K | O5: =ROUND(Q5+O4/7,0) -> 68 | Q5: 60 | R5: 7
B6: x | C6: qx | D6: lx | E6: dx | F6: mx | G6: ex | H6: Answer (a) | I6: Answer (c) (i) | J6: (c) (ii) | K6: (c) (iii)
B7: 60 | C7: 0.008016 | D7: 90975 | E7: 729 | F7: 0.007675 | G7: 22.35 | H7: =(D13-D17)/D7 -> 0.058653476 | I7: =C7/12 -> 0.000668 | J7: =1-(1-C7)^(1/12) -> 0.00067046687 | K7: =F7/12 -> 0.00063958333
B8: 61 | C8: 0.008773 | D8: 90246 | E8: 792 | F8: 0.00843 | G8: 21.52 | H8: =(D14-D18)/D8 -> 0.064556878 | I8: =C8/12 -> 0.00073108333 | J8: =1-(1-C8)^(1/12) -> 0.00073403957 | K8: =F8/12 -> 0.0007025
B9: 62 | C9: 0.009492 | D9: 89454 | E9: 849 | F9: 0.009174 | G9: 20.71 | H9: =(D15-D19)/D9 -> 0.071064458 | I9: =C9/12 -> 0.000791 | J9: =1-(1-C9)^(1/12) -> 0.00079446226 | K9: =F9/12 -> 0.0007645
B10: 63 | C10: 0.010259 | D10: 88605 | E10: 909 | F10: 0.009904 | G10: 19.9 | H10: =(D16-D20)/D10 -> 0.077907567 | I10: =C10/12 -> 0.00085491667 | J10: =1-(1-C10)^(1/12) -> 0.00085896307 | K10: =F10/12 -> 0.00082533333
B11: 64 | C11: 0.011227 | D11: 87696 | E11: 984 | F11: 0.010766 | G11: 19.1 | H11: =(D17-D21)/D11 -> 0.084895548 | I11: =C11/12 -> 0.00093558333 | J11: =1-(1-C11)^(1/12) -> 0.00094043239 | K11: =F11/12 -> 0.00089716667
B12: 65 | C12: 0.012404 | D12: 86712 | E12: 1076 | F12: 0.011861 | G12: 18.32 | H12: =(D18-D22)/D12 -> 0.092063382 | I12: =C12/12 -> 0.0010336667 | J12: =1-(1-C12)^(1/12) -> 0.0010395902 | K12: =F12/12 -> 0.00098841667
B13: 66 | C13: 0.013669 | D13: 85636 | E13: 1171 | F13: 0.013109 | G13: 17.54 | H13: =(D19-D23)/D13 -> 0.09974777 | I13: =C13/12 -> 0.0011390833 | J13: =1-(1-C13)^(1/12) -> 0.0011462826 | K13: =F13/12 -> 0.0010924167
B14: 67 | C14: 0.015008 | D14: 84465 | E14: 1267 | F14: 0.014416 | G14: 16.78 | H14: =(D20-D24)/D14 -> 0.10828154 | I14: =C14/12 -> 0.0012506667 | J14: =1-(1-C14)^(1/12) -> 0.001259353 | K14: =F14/12 -> 0.0012013333
B15: 68 | C15: 0.016595 | D15: 83198 | E15: 1381 | F15: 0.015877 | G15: 16.02 | H15: =(D21-D25)/D15 -> 0.11774321 | I15: =C15/12 -> 0.0013829167 | J15: =1-(1-C15)^(1/12) -> 0.0013935481 | K15: =F15/12 -> 0.0013230833
B16: 69 | C16: 0.018538 | D16: 81817 | E16: 1517 | F16: 0.017674 | G16: 15.29 | H16: =(D22-D26)/D16 -> 0.12815185 | I16: =C16/12 -> 0.0015448333 | J16: =1-(1-C16)^(1/12) -> 0.0015581167 | K16: =F16/12 -> 0.0014728333
B17: 70 | C17: 0.020691 | D17: 80300 | E17: 1661 | F17: 0.019789 | G17: 14.56 | H17: =(D23-D27)/D17 -> 0.13951432 | I17: =C17/12 -> 0.00172425 | J17: =1-(1-C17)^(1/12) -> 0.0017408212 | K17: =F17/12 -> 0.0016490833
B18: 71 | C18: 0.02286 | D18: 78639 | E18: 1798 | F18: 0.02201 | G18: 13.86 | H18: =(D24-D28)/D18 -> 0.15194751 | I18: =C18/12 -> 0.001905 | J18: =1-(1-C18)^(1/12) -> 0.0019252561 | K18: =F18/12 -> 0.0018341667
... B21: 74 | C21: 0.030193 | D21: 72855 | E21: 2199 | F21: 0.029194 | G21: 11.84 | H21: =(D27-D31)/D21 -> 0.19452337 | I21: =C21/12 -> 0.0025160833 | J21: =1-(1-C21)^(1/12) -> 0.0025515888 | K21: =F21/12 -> 0.0024328333
B22: 75 | C22: 0.033362 | D22: 70656 | E22: 2357 | F22: 0.03221 | G22: 11.19
B23: 76 | C23: 0.037052 | D23: 68299 | E23: 2531 | F23: 0.035757 | G23: 10.56
B24: 77 | C24: 0.041194 | D24: 65768 | E24: 2709 | F24: 0.03983 | G24: 9.95
B25: 78 | C25: 0.045786 | D25: 63059 | E25: 2888 | F25: 0.044363 | G25: 9.35
B26: 79 | C26: 0.051112 | D26: 60171 | E26: 3075 | F26: 0.049514 | G26: 8.78
B27: 80 | C27: 0.057401 | D27: 57096 | E27: 3277 | F27: 0.055621 | G27: 8.22
B28: 81 | C28: 0.06455 | D28: 53819 | E28: 3474 | F28: 0.062774 | G28: 7.69
B29: 82 | C29: 0.072363 | D29: 50345 | E29: 3643 | F29: 0.070787 | G29: 7.19
B30: 83 | C30: 0.080889 | D30: 46702 | E30: 3778 | F30: 0.079576 | G30: 6.71
B31: 84 | C31: 0.090289 | D31: 42924 | E31: 3876 | F31: 0.089302 | G31: 6.26
B32: 85 | C32: 0.100675 | D32: 39048 | E32: 3931 | F32: 0.100159 | G32: 5.83

Sheet Q4
J2: X | K2: ='Q3'!O2 -> 23455
J3: Y | K3: ='Q3'!O3 -> 0.006
J4: Z | K4: ='Q3'!O4 -> 55 | N4: 1+i | O4: =P4+K3 -> 1.046 | P4: 1.04
J5: K | K5: ='Q3'!O5 -> 68 | O5: 80
B6: x | C6: qx | D6: lx | E6: dx | F6: mx | G6: ex | H6: vt | I6: Premium | N6: abar 80 | O6: =G27+0.5 -> 8.72
B7: 60 | C7: 0.008016 | D7: 90975 | E7: 729 | F7: 0.007675 | G7: 22.35 | H7: =1/$O$4^($O$5-B7) -> 0.40678629 | I7: =$K$2*$D$27/D7*$O$6*H7 -> 52215.79
B8: 61 | C8: 0.008773 | D8: 90246 | E8: 792 | F8: 0.00843 | G8: 21.52 | H8: =1/$O$4^($O$5-B8) -> 0.42549846 | I8: =$K$2*$D$27/D8*$O$6*H8 -> 55058.914
B9: 62 | C9: 0.009492 | D9: 89454 | E9: 849 | F9: 0.009174 | G9: 20.71 | H9: =1/$O$4^($O$5-B9) -> 0.44507139 | I9: =$K$2*$D$27/D9*$O$6*H9 -> 58101.523
B10: 63 | C10: 0.010259 | D10: 88605 | E10: 909 | F10: 0.009904 | G10: 19.9 | H10: =1/$O$4^($O$5-B10) -> 0.46554467 | I10: =$K$2*$D$27/D10*$O$6*H10 -> 61356.523
B11: 64 | C11: 0.011227 | D11: 87696 | E11: 984 | F11: 0.010766 | G11: 19.1 | H11: =1/$O$4^($O$5-B11) -> 0.48695973 | I11: =$K$2*$D$27/D11*$O$6*H11 -> 64844.16
B12: 65 | C12: 0.012404 | D12: 86712 | E12: 1076 | F12: 0.011861 | G12: 18.32 | H12: =1/$O$4^($O$5-B12) -> 0.50935988 | I12: =$K$2*$D$27/D12*$O$6*H12 -> 68596.686
B13: 66 | C13: 0.013669 | D13: 85636 | E13: 1171 | F13: 0.013109 | G13: 17.54 | H13: =1/$O$4^($O$5-B13) -> 0.53279043 | I13: =$K$2*$D$27/D13*$O$6*H13 -> 72653.685
B14: 67 | C14: 0.015008 | D14: 84465 | E14: 1267 | F14: 0.014416 | G14: 16.78 | H14: =1/$O$4^($O$5-B14) -> 0.55729879 | I14: =$K$2*$D$27/D14*$O$6*H14 -> 77049.34
B15: 68 | C15: 0.016595 | D15: 83198 | E15: 1381 | F15: 0.015877 | G15: 16.02 | H15: =1/$O$4^($O$5-B15) -> 0.58293454 | I15: =$K$2*$D$27/D15*$O$6*H15 -> 81820.948
B16: 69 | C16: 0.018538 | D16: 81817 | E16: 1517 | F16: 0.017674 | G16: 15.29 | H16: =1/$O$4^($O$5-B16) -> 0.60974952 | I16: =$K$2*$D$27/D16*$O$6*H16 -> 87029.307
B17: 70 | C17: 0.020691 | D17: 80300 | E17: 1661 | F17: 0.019789 | G17: 14.56 | H17: =1/$O$4^($O$5-B17) -> 0.637798 | I17: =$K$2*$D$27/D17*$O$6*H17 -> 92752.413
B18: 71 | C18: 0.02286 | D18: 78639 | E18: 1798 | F18: 0.02201 | G18: 13.86 | H18: =1/$O$4^($O$5-B18) -> 0.66713671 | I18: =$K$2*$D$27/D18*$O$6*H18 -> 99068.244
... B21: 74 | C21: 0.030193 | D21: 72855 | E21: 2199 | F21: 0.029194 | G21: 11.84 | H21: =1/$O$4^($O$5-B21) -> 0.7635015 | I21: =$K$2*$D$27/D21*$O$6*H21 -> 122379.35
B22: 75 | C22: 0.033362 | D22: 70656 | E22: 2357 | F22: 0.03221 | G22: 11.19
B23: 76 | C23: 0.037052 | D23: 68299 | E23: 2531 | F23: 0.035757 | G23: 10.56
B24: 77 | C24: 0.041194 | D24: 65768 | E24: 2709 | F24: 0.03983 | G24: 9.95
B25: 78 | C25: 0.045786 | D25: 63059 | E25: 2888 | F25: 0.044363 | G25: 9.35
B26: 79 | C26: 0.051112 | D26: 60171 | E26: 3075 | F26: 0.049514 | G26: 8.78
B27: 80 | C27: 0.057401 | D27: 57096 | E27: 3277 | F27: 0.055621 | G27: 8.22
B28: 81 | C28: 0.06455 | D28: 53819 | E28: 3474 | F28: 0.062774 | G28: 7.69
B29: 82 | C29: 0.072363 | D29: 50345 | E29: 3643 | F29: 0.070787 | G29: 7.19
B30: 83 | C30: 0.080889 | D30: 46702 | E30: 3778 | F30: 0.079576 | G30: 6.71
B31: 84 | C31: 0.090289 | D31: 42924 | E31: 3876 | F31: 0.089302 | G31: 6.26
B32: 85 | C32: 0.100675 | D32: 39048 | E32: 3931 | F32: 0.100159 | G32: 5.83

Sheet Q5
J2: X | K2: ='Q3'!O2 -> 23455
J3: Y | K3: ='Q3'!O3 -> 0.006
J4: Z | K4: ='Q3'!O4 -> 55
E5: 0.3 | F5: 0.7 | G5: 1.1 | J5: K | K5: ='Q3'!O5 -> 68
B6: x | C6: qx | D6: lx | E6: p[x] | F6: p[x]+1 | G6: p[x]+2 | H6: l[x]
B7: 60 | C7: 0.008016 | D7: 90975 | E7: =1-E$5*$C7 -> 0.9975952 | F7: =1-F$5*$C7 -> 0.9943888 | G7: =1-G$5*$C7 -> 0.9911824 | H7: =D10/PRODUCT(E7:G7) -> 90114.375
B8: 61 | C8: 0.008773 | D8: 90246 | E8: =1-E$5*$C8 -> 0.9973681 | F8: =1-F$5*$C8 -> 0.9938589 | G8: =1-G$5*$C8 -> 0.9903497 | H8: =D11/PRODUCT(E8:G8) -> 89332.812
B9: 62 | C9: 0.009492 | D9: 89454 | E9: =1-E$5*$C9 -> 0.9971524 | F9: =1-F$5*$C9 -> 0.9933556 | G9: =1-G$5*$C9 -> 0.9895588 | H9: =D12/PRODUCT(E9:G9) -> 88464.966
B10: 63 | C10: 0.010259 | D10: 88605 | E10: =1-E$5*$C10 -> 0.9969223 | F10: =1-F$5*$C10 -> 0.9928187 | G10: =1-G$5*$C10 -> 0.9887151 | H10: =D13/PRODUCT(E10:G10) -> 87509.247
B11: 64 | C11: 0.011227 | D11: 87696 | E11: =1-E$5*$C11 -> 0.9966319 | F11: =1-F$5*$C11 -> 0.9921411 | G11: =1-G$5*$C11 -> 0.9876503 | H11: =D14/PRODUCT(E11:G11) -> 86489.893
B12: 65 | C12: 0.012404 | D12: 86712 | E12: =1-E$5*$C12 -> 0.9962788 | F12: =1-F$5*$C12 -> 0.9913172 | G12: =1-G$5*$C12 -> 0.9863556 | H12: =D15/PRODUCT(E12:G12) -> 85405.5
B13: 66 | C13: 0.013669 | D13: 85636 | E13: =1-E$5*$C13 -> 0.9958993 | F13: =1-F$5*$C13 -> 0.9904317 | G13: =1-G$5*$C13 -> 0.9849641 | H13: =D16/PRODUCT(E13:G13) -> 84213.786
B14: 67 | C14: 0.015008 | D14: 84465 | E14: =1-E$5*$C14 -> 0.9954976 | F14: =1-F$5*$C14 -> 0.9894944 | G14: =1-G$5*$C14 -> 0.9834912 | H14: =D17/PRODUCT(E14:G14) -> 82887.971
B15: 68 | C15: 0.016595 | D15: 83198 | E15: =1-E$5*$C15 -> 0.9950215 | F15: =1-F$5*$C15 -> 0.9883835 | G15: =1-G$5*$C15 -> 0.9817455 | H15: =D18/PRODUCT(E15:G15) -> 81448.129
B16: 69 | C16: 0.018538 | D16: 81817 | E16: =1-E$5*$C16 -> 0.9944386 | F16: =1-F$5*$C16 -> 0.9870234 | G16: =1-G$5*$C16 -> 0.9796082 | H16: =D19/PRODUCT(E16:G16) -> 79916.264
B17: 70 | C17: 0.020691 | D17: 80300 | E17: =1-E$5*$C17 -> 0.9937927 | F17: =1-F$5*$C17 -> 0.9855163 | G17: =1-G$5*$C17 -> 0.9772399 | H17: =D20/PRODUCT(E17:G17) -> 78271.234
B18: 71 | C18: 0.02286 | D18: 78639 | E18: =1-E$5*$C18 -> 0.993142 | F18: =1-F$5*$C18 -> 0.983998 | G18: =1-G$5*$C18 -> 0.974854 | H18: =D21/PRODUCT(E18:G18) -> 76474.073
... B21: 74 | C21: 0.030193 | D21: 72855 | E21: =1-E$5*$C21 -> 0.9909421 | F21: =1-F$5*$C21 -> 0.9788649 | G21: =1-G$5*$C21 -> 0.9667877 | H21: =D24/PRODUCT(E21:G21) -> 70131.396
B22: 75 | C22: 0.033362 | D22: 70656
B23: 76 | C23: 0.037052 | D23: 68299
B24: 77 | C24: 0.041194 | D24: 65768
B25: 78 | C25: 0.045786 | D25: 63059
B26: 79 | C26: 0.051112 | D26: 60171
B27: 80 | C27: 0.057401 | D27: 57096
B28: 81 | C28: 0.06455 | D28: 53819
B29: 82 | C29: 0.072363 | D29: 50345
B30: 83 | C30: 0.080889 | D30: 46702
B31: 84 | C31: 0.090289 | D31: 42924
B32: 85 | C32: 0.100675 | D32: 39048

Sheet Q6
I2: A | J2: IA | K2: (e)/(d)
I3: =SUM(I7:I61)*40/6 -> 0.49522374 | J3: =SUM(J7:J61)*40/6 -> 6.5476383 | K3: =J3/I3 -> 13.221576 | L3: =N3+'Q3'!O3 -> 1.036 | N3: 1.03
L4: ='Q3'!O5 -> 68
L5: 6e-06
C6: x | D6: mx | E6: tpx | F6: v^t | G6: mx tpx v^t | H6: Weight
C7: =L4 -> 68 | D7: =$L$5*C7^2 -> 0.027744 | E7: =EXP(-$L$5/3*(C7^3-$C$7^3)) -> 1 | F7: 1 | G7: =D7*E7*F7 -> 0.027744 | H7: 1 | I7: =G7*H7 -> 0.027744 | J7: 0
C8: =C7+1 -> 69 | D8: =$L$5*C8^2 -> 0.028566 | E8: =EXP(-$L$5/3*(C8^3-$C$7^3)) -> 0.97223863 | F8: =F7/$L$3 -> 0.96525097
C9: =C8+1 -> 70 | D9: =$L$5*C9^2 -> 0.0294 | E9: =EXP(-$L$5/3*(C9^3-$C$7^3)) -> 0.94446561 | F9: =F8/$L$3 -> 0.93170943
C10: =C9+1 -> 71 | D10: =$L$5*C10^2 -> 0.030246 | E10: =EXP(-$L$5/3*(C10^3-$C$7^3)) -> 0.9167156 | F10: =F9/$L$3 -> 0.89933342
C11: =C10+1 -> 72 | D11: =$L$5*C11^2 -> 0.031104 | E11: =EXP(-$L$5/3*(C11^3-$C$7^3)) -> 0.88902315 | F11: =F10/$L$3 -> 0.86808245
C12: =C11+1 -> 73 | D12: =$L$5*C12^2 -> 0.031974 | E12: =EXP(-$L$5/3*(C12^3-$C$7^3)) -> 0.86142266 | F12: =F11/$L$3 -> 0.83791743
C13: =C12+1 -> 74 | D13: =$L$5*C13^2 -> 0.032856 | E13: =EXP(-$L$5/3*(C13^3-$C$7^3)) -> 0.83394819 | F13: =F12/$L$3 -> 0.80880061
C14: =C13+1 -> 75 | D14: =$L$5*C14^2 -> 0.03375 | E14: =EXP(-$L$5/3*(C14^3-$C$7^3)) -> 0.80663339 | F14: =F13/$L$3 -> 0.78069556
C15: =C14+1 -> 76 | D15: =$L$5*C15^2 -> 0.034656 | E15: =EXP(-$L$5/3*(C15^3-$C$7^3)) -> 0.77951137 | F15: =F14/$L$3 -> 0.75356715
C16: =C15+1 -> 77 | D16: =$L$5*C16^2 -> 0.035574 | E16: =EXP(-$L$5/3*(C16^3-$C$7^3)) -> 0.7526146 | F16: =F15/$L$3 -> 0.72738142
C17: =C16+1 -> 78 | D17: =$L$5*C17^2 -> 0.036504 | E17: =EXP(-$L$5/3*(C17^3-$C$7^3)) -> 0.72597478 | F17: =F16/$L$3 -> 0.70210561
C18: =C17+1 -> 79 | D18: =$L$5*C18^2 -> 0.037446 | E18: =EXP(-$L$5/3*(C18^3-$C$7^3)) -> 0.69962276 | F18: =F17/$L$3 -> 0.67770812
C19: =C18+1 -> 80 | D19: =$L$5*C19^2 -> 0.0384 | E19: =EXP(-$L$5/3*(C19^3-$C$7^3)) -> 0.67358842 | F19: =F18/$L$3 -> 0.65415842
... C26: =C25+1 -> 87 | D26: =$L$5*C26^2 -> 0.045414 | E26: =EXP(-$L$5/3*(C26^3-$C$7^3)) -> 0.50250886 | F26: =F25/$L$3 -> 0.51069858
C27: =C26+1 -> 88 | D27: =$L$5*C27^2 -> 0.046464 | E27: =EXP(-$L$5/3*(C27^3-$C$7^3)) -> 0.47994681 | F27: =F26/$L$3 -> 0.49295229 | G27: =D27*E27*F27 -> 0.010992959 | H27: 4 | I27: =G27*H27 -> 0.043971834 | J27: =I27*20 -> 0.87943669
C28: =C27+1 -> 89 | D28: =$L$5*C28^2 -> 0.047526 | E28: =EXP(-$L$5/3*(C28^3-$C$7^3)) -> 0.45791395 | F28: =F27/$L$3 -> 0.47582268
C29: =C28+1 -> 90 | D29: =$L$5*C29^2 -> 0.0486 | E29: =EXP(-$L$5/3*(C29^3-$C$7^3)) -> 0.4364262 | F29: =F28/$L$3 -> 0.4592883
C30: =C29+1 -> 91 | D30: =$L$5*C30^2 -> 0.049686 | E30: =EXP(-$L$5/3*(C30^3-$C$7^3)) -> 0.41549778 | F30: =F29/$L$3 -> 0.44332847
C31: =C30+1 -> 92 | D31: =$L$5*C31^2 -> 0.050784 | E31: =EXP(-$L$5/3*(C31^3-$C$7^3)) -> 0.39514124 | F31: =F30/$L$3 -> 0.42792324
C32: =C31+1 -> 93 | D32: =$L$5*C32^2 -> 0.051894 | E32: =EXP(-$L$5/3*(C32^3-$C$7^3)) -> 0.3753674 | F32: =F31/$L$3 -> 0.41305332
C33: =C32+1 -> 94 | D33: =$L$5*C33^2 -> 0.053016 | E33: =EXP(-$L$5/3*(C33^3-$C$7^3)) -> 0.35618536 | F33: =F32/$L$3 -> 0.39870011
C34: =C33+1 -> 95 | D34: =$L$5*C34^2 -> 0.05415 | E34: =EXP(-$L$5/3*(C34^3-$C$7^3)) -> 0.33760254 | F34: =F33/$L$3 -> 0.38484567
C35: =C34+1 -> 96 | D35: =$L$5*C35^2 -> 0.055296 | E35: =EXP(-$L$5/3*(C35^3-$C$7^3)) -> 0.31962463 | F35: =F34/$L$3 -> 0.37147265
C36: =C35+1 -> 97 | D36: =$L$5*C36^2 -> 0.056454 | E36: =EXP(-$L$5/3*(C36^3-$C$7^3)) -> 0.30225568 | F36: =F35/$L$3 -> 0.35856434
C37: =C36+1 -> 98 | D37: =$L$5*C37^2 -> 0.057624 | E37: =EXP(-$L$5/3*(C37^3-$C$7^3)) -> 0.28549807 | F37: =F36/$L$3 -> 0.34610457
C38: =C37+1 -> 99 | D38: =$L$5*C38^2 -> 0.058806 | E38: =EXP(-$L$5/3*(C38^3-$C$7^3)) -> 0.26935259 | F38: =F37/$L$3 -> 0.33407777
C39: =C38+1 -> 100 | D39: =$L$5*C39^2 -> 0.06 | E39: =EXP(-$L$5/3*(C39^3-$C$7^3)) -> 0.25381846 | F39: =F38/$L$3 -> 0.32246889
... C46: =C45+1 -> 107 | D46: =$L$5*C46^2 -> 0.068694 | E46: =EXP(-$L$5/3*(C46^3-$C$7^3)) -> 0.16182788 | F46: =F45/$L$3 -> 0.25175003
C47: =C46+1 -> 108 | D47: =$L$5*C47^2 -> 0.069984 | E47: =EXP(-$L$5/3*(C47^3-$C$7^3)) -> 0.15098723 | F47: =F46/$L$3 -> 0.24300196 | G47: =D47*E47*F47 -> 0.0025677265 | H47: 1 | I47: =G47*H47 -> 0.0025677265 | J47: =I47*40 -> 0.10270906
