Workbook
Name Expenses: '[1]Q1 Working'!$E$9
Name FinalDecSA: '[1]Q1 Working'!$E$12
Name intRate: 'Example 2'!$B$5
Name PremiumTA: '[1]Q1 Working'!$E$6
Name StartDecSA: '[1]Q1 Working'!$E$11
Name StepSize: 'Example 1'!$C$10
Name StepSizeQ1: 'Example 1'!$C$10
Name StepSizeQ1Copy: '[1]Q1 Working - COPY'!$B$9
Name SumAssdTA: '[1]Q1 Working'!$E$7
Name TermOfDecSA: '[1]Q1 Working'!$E$10

Sheet colour key
A1: Colour key
A3: Parameters
A4: Data/values
A5: Calculations
A6: Discontinuous formulas
A7: Value looked up from data
A8: Results

Sheet Example 1
B3: Calculation of EPV of a continuous annuity using Trapezium Rule
B5: Parameters | F5: Results
F6: EPV annuity at time zero
F7: =SUM(G14:G24)*StepSize -> 0.96543887
B8: delta | C8: 0.07 | F8: Formula for EPV annuity is
B9: x | C9: 40 | F9: =SUM(G14:G24)*StepSize
B10: stepsize h | C10: 0.1
B13: time | C13: age | D13: (t)p(x) | E13: Weight | F13: v^t | G13: Weighted integrand annuity
B14: 0 | C14: ='Example 1'!$C$9+B14 -> 40 | D14: 1 | E14: 0.5 | F14: =EXP(-B14*'Example 1'!$C$8) -> 1 | G14: =D14*E14*F14 -> 0.5
B15: =ROUND(B14+StepSizeQ1,2) -> 0.1 | C15: ='Example 1'!$C$9+B15 -> 40.1 | D15: 0.99992485 | E15: 1 | F15: =EXP(-B15*'Example 1'!$C$8) -> 0.99302444 | G15: =D15*E15*F15 -> 0.99294982
B16: =ROUND(B15+StepSizeQ1,2) -> 0.2 | C16: ='Example 1'!$C$9+B16 -> 40.2 | D16: 0.99984903 | E16: 1 | F16: =EXP(-B16*'Example 1'!$C$8) -> 0.98609754 | G16: =D16*E16*F16 -> 0.98594867
B17: =ROUND(B16+StepSizeQ1,2) -> 0.3 | C17: ='Example 1'!$C$9+B17 -> 40.3 | D17: 0.99977254 | E17: 1 | F17: =EXP(-B17*'Example 1'!$C$8) -> 0.97921896 | G17: =D17*E17*F17 -> 0.97899623
B18: =ROUND(B17+StepSizeQ1,2) -> 0.4 | C18: ='Example 1'!$C$9+B18 -> 40.4 | D18: 0.99969538 | E18: 1 | F18: =EXP(-B18*'Example 1'!$C$8) -> 0.97238837 | G18: =D18*E18*F18 -> 0.97209215
B19: =ROUND(B18+StepSizeQ1,2) -> 0.5 | C19: ='Example 1'!$C$9+B19 -> 40.5 | D19: 0.99961754 | E19: 1 | F19: =EXP(-B19*'Example 1'!$C$8) -> 0.96560542 | G19: =D19*E19*F19 -> 0.96523611
B20: =ROUND(B19+StepSizeQ1,2) -> 0.6 | C20: ='Example 1'!$C$9+B20 -> 40.6 | D20: 0.99953904 | E20: 1 | F20: =EXP(-B20*'Example 1'!$C$8) -> 0.95886978 | G20: =D20*E20*F20 -> 0.95842778
B21: =ROUND(B20+StepSizeQ1,2) -> 0.7 | C21: ='Example 1'!$C$9+B21 -> 40.7 | D21: 0.99945986 | E21: 1 | F21: =EXP(-B21*'Example 1'!$C$8) -> 0.95218113 | G21: =D21*E21*F21 -> 0.95166682
B22: =ROUND(B21+StepSizeQ1,2) -> 0.8 | C22: ='Example 1'!$C$9+B22 -> 40.8 | D22: 0.99938002 | E22: 1 | F22: =EXP(-B22*'Example 1'!$C$8) -> 0.94553914 | G22: =D22*E22*F22 -> 0.94495292
B23: =ROUND(B22+StepSizeQ1,2) -> 0.9 | C23: ='Example 1'!$C$9+B23 -> 40.9 | D23: 0.9992995 | E23: 1 | F23: =EXP(-B23*'Example 1'!$C$8) -> 0.93894347 | G23: =D23*E23*F23 -> 0.93828574
B24: =ROUND(B23+StepSizeQ1,2) -> 1 | C24: ='Example 1'!$C$9+B24 -> 41 | D24: 0.99921831 | E24: 0.5 | F24: =EXP(-B24*'Example 1'!$C$8) -> 0.93239382 | G24: =D24*E24*F24 -> 0.46583249

Sheet Example 2
A1: Calculation of the EPV of a 10-year annuity paid in advance to a life aged 40
A3: Parameters | D3: Results
D4: EPV adue(40:10) calculated as a sum
A5: interest rate | B5: 0.05 | D5: =SUM(E14:E23) -> 8.0748639 | E5: =SUM(E13:E23)
D6: EPV adue(40:10) calculated recursively
D7: =F23 -> 8.0748639 | E7: =F23
D8: Check A-B=0 (ie, same answer)
D9: =D5-D7 -> 0
A12: time | B12: age | C12: (t)p(x) | D12: v^t | E12: (t-1)p(x) * v^(t-1) | F12: EPV of adue(x:t)
A13: 0 | B13: ='Example 1'!$C$9+A13 -> 40 | C13: 1 | D13: =(1+intRate)^-A13 -> 1 | E13: Not required | F13: 0
A14: =A13+1 -> 1 | B14: ='Example 1'!$C$9+A14 -> 41 | C14: 0.99921831 | D14: =(1+intRate)^-A14 -> 0.95238095 | E14: =C13*D13 -> 1 | F14: =F13+C13*D13 -> 1
A15: =A14+1 -> 2 | B15: ='Example 1'!$C$9+A15 -> 42 | C15: 0.99836614 | D15: =(1+intRate)^-A15 -> 0.90702948 | E15: =C14*D14 -> 0.95163649 | F15: =F14+C14*D14 -> 1.9516365
A16: =A15+1 -> 3 | B16: ='Example 1'!$C$9+A16 -> 43 | C16: 0.997436 | D16: =(1+intRate)^-A16 -> 0.8638376 | E16: =C15*D15 -> 0.90554752 | F16: =F15+C15*D15 -> 2.857184
A17: =A16+1 -> 4 | B17: ='Example 1'!$C$9+A17 -> 44 | C17: 0.99642123 | D17: =(1+intRate)^-A17 -> 0.82270247 | E17: =C16*D16 -> 0.86162272 | F17: =F16+C16*D16 -> 3.7188067
A18: =A17+1 -> 5 | B18: ='Example 1'!$C$9+A18 -> 45 | C18: 0.99531471 | D18: =(1+intRate)^-A18 -> 0.78352617 | E18: =C17*D17 -> 0.81975821 | F18: =F17+C17*D17 -> 4.5385649
A19: =A18+1 -> 6 | B19: ='Example 1'!$C$9+A19 -> 46 | C19: 0.99410913 | D19: =(1+intRate)^-A19 -> 0.7462154 | E19: =C18*D18 -> 0.77985512 | F19: =F18+C18*D18 -> 5.31842
A20: =A19+1 -> 7 | B20: ='Example 1'!$C$9+A20 -> 47 | C20: 0.99279856 | D20: =(1+intRate)^-A20 -> 0.71068133 | E20: =C19*D19 -> 0.74181954 | F20: =F19+C19*D19 -> 6.0602396
A21: =A20+1 -> 8 | B21: ='Example 1'!$C$9+A21 -> 48 | C21: 0.99137681 | D21: =(1+intRate)^-A21 -> 0.67683936 | E21: =C20*D20 -> 0.7055634 | F21: =F20+C20*D20 -> 6.765803
A22: =A21+1 -> 9 | B22: ='Example 1'!$C$9+A22 -> 49 | C22: 0.98983748 | D22: =(1+intRate)^-A22 -> 0.64460892 | E22: =C21*D21 -> 0.67100285 | F22: =F21+C21*D21 -> 7.4368058
A23: =A22+1 -> 10 | B23: ='Example 1'!$C$9+A23 -> 50 | C23: 0.98817545 | D23: =(1+intRate)^-A23 -> 0.61391325 | E23: =C22*D22 -> 0.63805807 | F23: =F22+C22*D22 -> 8.0748639
